Top queries,Clicks,Impressions,CTR,Position
stump grinder financing,0,5,0%,52.8
mri machine finance,0,3,0%,68
chipper financing,0,2,0%,34.5
combine harvester financing,0,2,0%,39.5
ag equipment financing,0,2,0%,79.5
farm machinery finance,0,2,0%,97.5
isa certified tree workerâ® exam,0,1,0%,7
wood chipper financing,0,1,0%,32
finance stump grinder,0,1,0%,33
tree stump removal equipment financing,0,1,0%,35
machinery finance resources,0,1,0%,49
farm equipment financing rates,0,1,0%,87
farm equipment loans,0,1,0%,91
agricultural machinery finance,0,1,0%,94
agriculture farm equipment loans,0,1,0%,96
farm machinery loans,0,1,0%,99